dataset,timestamp,container,cpu,mem,mem_pct,net_io,blk_io,pids,Column1,mem_used_text,mem_used_mib
Email-EuAll,1767073394,namenode,175.49%,459.1MiB / 3.828GiB,11.71%,12.1MB / 3.63GB,788MB / 304MB,86,459.1MiB,459.1MiB,459.1
Email-EuAll,1767073394,datanode,0.11%,349.6MiB / 3.828GiB,8.92%,3.83GB / 3.85GB,3.82GB / 4.33GB,65,349.6MiB,349.6MiB,349.6
Email-EuAll,1767073394,resourcemanager,0.56%,446.2MiB / 3.828GiB,11.38%,1.31MB / 641kB,217MB / 409MB,259,446.2MiB,446.2MiB,446.2
Email-EuAll,1767073394,nodemanager,0.53%,621.5MiB / 3.828GiB,15.86%,3.84GB / 211MB,2.75GB / 6.48GB,115,621.5MiB,621.5MiB,621.5
Email-EuAll,1767073401,namenode,2.56%,663.1MiB / 3.828GiB,16.92%,12.1MB / 3.63GB,793MB / 304MB,97,663.1MiB,663.1MiB,663.1
Email-EuAll,1767073401,datanode,0.40%,351.9MiB / 3.828GiB,8.98%,3.84GB / 3.85GB,3.82GB / 4.33GB,66,351.9MiB,351.9MiB,351.9
Email-EuAll,1767073401,resourcemanager,1.17%,449.1MiB / 3.828GiB,11.46%,1.32MB / 651kB,220MB / 409MB,262,449.1MiB,449.1MiB,449.1
Email-EuAll,1767073401,nodemanager,183.83%,732.4MiB / 3.828GiB,18.69%,3.84GB / 211MB,2.75GB / 6.48GB,151,732.4MiB,732.4MiB,732.4
Email-EuAll,1767073409,namenode,2.50%,667.1MiB / 3.828GiB,17.02%,12.1MB / 3.63GB,793MB / 304MB,96,667.1MiB,667.1MiB,667.1
Email-EuAll,1767073409,datanode,0.24%,352.8MiB / 3.828GiB,9.00%,3.84GB / 3.85GB,3.82GB / 4.34GB,65,352.8MiB,352.8MiB,352.8
Email-EuAll,1767073409,resourcemanager,1.17%,450.5MiB / 3.828GiB,11.49%,1.33MB / 660kB,222MB / 409MB,260,450.5MiB,450.5MiB,450.5
Email-EuAll,1767073409,nodemanager,135.84%,1.079GiB / 3.828GiB,28.19%,3.84GB / 211MB,2.75GB / 6.48GB,247,1.079GiB,1.079GiB,1104.896
Email-EuAll,1767073416,namenode,4.29%,668.1MiB / 3.828GiB,17.05%,12.1MB / 3.63GB,793MB / 304MB,93,668.1MiB,668.1MiB,668.1
Email-EuAll,1767073416,datanode,0.11%,355.7MiB / 3.828GiB,9.08%,3.84GB / 3.86GB,3.82GB / 4.34GB,67,355.7MiB,355.7MiB,355.7
Email-EuAll,1767073416,resourcemanager,1.79%,451MiB / 3.828GiB,11.51%,1.34MB / 662kB,223MB / 409MB,260,451MiB,451MiB,451
Email-EuAll,1767073416,nodemanager,170.26%,1.131GiB / 3.828GiB,29.56%,3.85GB / 211MB,2.75GB / 6.48GB,246,1.131GiB,1.131GiB,1158.144
Email-EuAll,1767073424,namenode,55.77%,688.8MiB / 3.828GiB,17.57%,12.2MB / 3.63GB,795MB / 304MB,98,688.8MiB,688.8MiB,688.8
Email-EuAll,1767073424,datanode,4.60%,359.1MiB / 3.828GiB,9.16%,3.84GB / 3.86GB,3.83GB / 4.34GB,66,359.1MiB,359.1MiB,359.1
Email-EuAll,1767073424,resourcemanager,17.54%,453.1MiB / 3.828GiB,11.56%,1.35MB / 668kB,224MB / 409MB,261,453.1MiB,453.1MiB,453.1
Email-EuAll,1767073424,nodemanager,1.38%,1.049GiB / 3.828GiB,27.41%,3.85GB / 212MB,2.75GB / 6.48GB,173,1.049GiB,1.049GiB,1074.176
Email-EuAll,1767073431,namenode,8.92%,693.5MiB / 3.828GiB,17.69%,12.2MB / 3.63GB,798MB / 304MB,98,693.5MiB,693.5MiB,693.5
Email-EuAll,1767073431,datanode,5.17%,362.2MiB / 3.828GiB,9.24%,3.84GB / 3.86GB,3.83GB / 4.34GB,66,362.2MiB,362.2MiB,362.2
Email-EuAll,1767073431,resourcemanager,1.22%,455.1MiB / 3.828GiB,11.61%,1.36MB / 681kB,226MB / 409MB,266,455.1MiB,455.1MiB,455.1
Email-EuAll,1767073431,nodemanager,212.17%,1011MiB / 3.828GiB,25.80%,3.85GB / 212MB,2.75GB / 6.48GB,173,1011MiB,1011MiB,1011
Email-EuAll,1767073439,namenode,3.37%,696.1MiB / 3.828GiB,17.76%,12.2MB / 3.63GB,799MB / 304MB,96,696.1MiB,696.1MiB,696.1
Email-EuAll,1767073439,datanode,3.40%,363.1MiB / 3.828GiB,9.26%,3.84GB / 3.86GB,3.83GB / 4.34GB,67,363.1MiB,363.1MiB,363.1
Email-EuAll,1767073439,resourcemanager,2.17%,455.6MiB / 3.828GiB,11.62%,1.37MB / 687kB,227MB / 409MB,262,455.6MiB,455.6MiB,455.6
Email-EuAll,1767073439,nodemanager,19.19%,1.04GiB / 3.828GiB,27.17%,3.85GB / 212MB,2.75GB / 6.48GB,223,1.04GiB,1.04GiB,1064.96
Email-EuAll,1767073446,namenode,5.00%,698.1MiB / 3.828GiB,17.81%,12.2MB / 3.63GB,799MB / 304MB,92,698.1MiB,698.1MiB,698.1
Email-EuAll,1767073446,datanode,1.31%,364.3MiB / 3.828GiB,9.29%,3.84GB / 3.86GB,3.83GB / 4.34GB,66,364.3MiB,364.3MiB,364.3
Email-EuAll,1767073446,resourcemanager,2.55%,455.9MiB / 3.828GiB,11.63%,1.37MB / 689kB,227MB / 409MB,262,455.9MiB,455.9MiB,455.9
Email-EuAll,1767073446,nodemanager,18.39%,1.054GiB / 3.828GiB,27.54%,3.85GB / 213MB,2.75GB / 6.48GB,174,1.054GiB,1.054GiB,1079.296
cit-Patents,1767073464,namenode,154.52%,469.6MiB / 3.828GiB,11.98%,12.8MB / 3.91GB,805MB / 304MB,85,469.6MiB,469.6MiB,469.6
cit-Patents,1767073464,datanode,1.76%,379.9MiB / 3.828GiB,9.69%,4.12GB / 3.86GB,3.84GB / 4.61GB,65,379.9MiB,379.9MiB,379.9
cit-Patents,1767073464,resourcemanager,1.47%,457.1MiB / 3.828GiB,11.66%,1.38MB / 693kB,228MB / 409MB,263,457.1MiB,457.1MiB,457.1
cit-Patents,1767073464,nodemanager,0.83%,630.2MiB / 3.828GiB,16.08%,3.85GB / 213MB,2.75GB / 6.48GB,121,630.2MiB,630.2MiB,630.2
cit-Patents,1767073471,namenode,1.99%,684.5MiB / 3.828GiB,17.47%,12.8MB / 3.91GB,807MB / 305MB,97,684.5MiB,684.5MiB,684.5
cit-Patents,1767073471,datanode,0.10%,383.8MiB / 3.828GiB,9.79%,4.12GB / 3.86GB,3.84GB / 4.61GB,66,383.8MiB,383.8MiB,383.8
cit-Patents,1767073471,resourcemanager,5.22%,464.2MiB / 3.828GiB,11.84%,1.39MB / 703kB,235MB / 409MB,266,464.2MiB,464.2MiB,464.2
cit-Patents,1767073471,nodemanager,191.03%,772.9MiB / 3.828GiB,19.72%,3.85GB / 213MB,2.75GB / 6.48GB,151,772.9MiB,772.9MiB,772.9
cit-Patents,1767073479,namenode,2.00%,688.1MiB / 3.828GiB,17.56%,12.8MB / 3.91GB,808MB / 305MB,96,688.1MiB,688.1MiB,688.1
cit-Patents,1767073479,datanode,0.18%,379.4MiB / 3.828GiB,9.68%,4.12GB / 3.86GB,3.84GB / 4.61GB,65,379.4MiB,379.4MiB,379.4
cit-Patents,1767073479,resourcemanager,2.84%,464.9MiB / 3.828GiB,11.86%,1.4MB / 713kB,236MB / 409MB,264,464.9MiB,464.9MiB,464.9
cit-Patents,1767073479,nodemanager,81.66%,1.033GiB / 3.828GiB,26.99%,3.85GB / 213MB,2.75GB / 6.48GB,224,1.033GiB,1.033GiB,1057.792
cit-Patents,1767073486,namenode,0.97%,683.7MiB / 3.828GiB,17.44%,12.8MB / 3.91GB,808MB / 309MB,95,683.7MiB,683.7MiB,683.7
cit-Patents,1767073486,datanode,0.30%,346MiB / 3.828GiB,8.83%,4.12GB / 3.93GB,3.91GB / 4.63GB,66,346MiB,346MiB,346
cit-Patents,1767073486,resourcemanager,0.57%,456.8MiB / 3.828GiB,11.65%,1.41MB / 715kB,236MB / 415MB,264,456.8MiB,456.8MiB,456.8
cit-Patents,1767073486,nodemanager,104.32%,1.416GiB / 3.828GiB,37.00%,3.92GB / 213MB,2.75GB / 6.5GB,256,1.416GiB,1.416GiB,1449.984
cit-Patents,1767073494,namenode,2.43%,681MiB / 3.828GiB,17.38%,12.8MB / 3.91GB,808MB / 311MB,93,681MiB,681MiB,681
cit-Patents,1767073494,datanode,0.35%,345.5MiB / 3.828GiB,8.82%,4.12GB / 3.98GB,3.96GB / 4.65GB,66,345.5MiB,345.5MiB,345.5
cit-Patents,1767073494,resourcemanager,0.64%,456.6MiB / 3.828GiB,11.65%,1.41MB / 717kB,237MB / 417MB,264,456.6MiB,456.6MiB,456.6
cit-Patents,1767073494,nodemanager,117.97%,1.423GiB / 3.828GiB,37.18%,3.97GB / 214MB,2.75GB / 6.54GB,252,1.423GiB,1.423GiB,1457.152
cit-Patents,1767073501,namenode,0.65%,682.1MiB / 3.828GiB,17.40%,12.8MB / 3.91GB,808MB / 311MB,92,682.1MiB,682.1MiB,682.1
cit-Patents,1767073501,datanode,0.71%,338.9MiB / 3.828GiB,8.65%,4.12GB / 4.01GB,3.99GB / 4.66GB,65,338.9MiB,338.9MiB,338.9
cit-Patents,1767073501,resourcemanager,1.26%,447.9MiB / 3.828GiB,11.43%,1.42MB / 718kB,237MB / 424MB,264,447.9MiB,447.9MiB,447.9
cit-Patents,1767073501,nodemanager,120.27%,1.419GiB / 3.828GiB,37.08%,4GB / 214MB,2.75GB / 6.6GB,251,1.419GiB,1.419GiB,1453.056
cit-Patents,1767073509,namenode,4.43%,696MiB / 3.828GiB,17.76%,12.8MB / 3.91GB,810MB / 311MB,92,696MiB,696MiB,696
cit-Patents,1767073509,datanode,0.11%,325.1MiB / 3.828GiB,8.29%,4.12GB / 4.01GB,3.99GB / 4.67GB,67,325.1MiB,325.1MiB,325.1
cit-Patents,1767073509,resourcemanager,1.32%,447.7MiB / 3.828GiB,11.42%,1.43MB / 721kB,237MB / 424MB,264,447.7MiB,447.7MiB,447.7
cit-Patents,1767073509,nodemanager,171.97%,1.256GiB / 3.828GiB,32.82%,4GB / 214MB,2.8GB / 6.72GB,260,1.256GiB,1.256GiB,1286.144
cit-Patents,1767073516,namenode,0.88%,696.7MiB / 3.828GiB,17.78%,12.8MB / 3.91GB,810MB / 312MB,91,696.7MiB,696.7MiB,696.7
cit-Patents,1767073516,datanode,0.07%,332.2MiB / 3.828GiB,8.48%,4.12GB / 4.07GB,4.06GB / 4.67GB,68,332.2MiB,332.2MiB,332.2
cit-Patents,1767073516,resourcemanager,0.57%,448.1MiB / 3.828GiB,11.43%,1.43MB / 723kB,237MB / 424MB,264,448.1MiB,448.1MiB,448.1
cit-Patents,1767073516,nodemanager,109.20%,1.424GiB / 3.828GiB,37.20%,4.06GB / 214MB,2.8GB / 6.72GB,260,1.424GiB,1.424GiB,1458.176
cit-Patents,1767073523,namenode,1.28%,691MiB / 3.828GiB,17.63%,12.9MB / 3.91GB,810MB / 315MB,91,691MiB,691MiB,691
cit-Patents,1767073523,datanode,0.15%,318.5MiB / 3.828GiB,8.13%,4.12GB / 4.12GB,4.12GB / 4.68GB,68,318.5MiB,318.5MiB,318.5
cit-Patents,1767073523,resourcemanager,0.86%,440MiB / 3.828GiB,11.22%,1.44MB / 724kB,237MB / 431MB,264,440MiB,440MiB,440
cit-Patents,1767073523,nodemanager,114.71%,1.42GiB / 3.828GiB,37.11%,4.12GB / 214MB,2.8GB / 6.81GB,255,1.42GiB,1.42GiB,1454.08
cit-Patents,1767073530,namenode,5.76%,683.2MiB / 3.828GiB,17.43%,12.9MB / 3.91GB,811MB / 324MB,89,683.2MiB,683.2MiB,683.2
cit-Patents,1767073530,datanode,1.15%,293.1MiB / 3.828GiB,7.48%,4.12GB / 4.15GB,4.14GB / 4.69GB,66,293.1MiB,293.1MiB,293.1
cit-Patents,1767073530,resourcemanager,0.87%,432.1MiB / 3.828GiB,11.03%,1.45MB / 726kB,240MB / 444MB,264,432.1MiB,432.1MiB,432.1
cit-Patents,1767073530,nodemanager,130.75%,1.394GiB / 3.828GiB,36.41%,4.14GB / 214MB,2.87GB / 6.99GB,253,1.394GiB,1.394GiB,1427.456
cit-Patents,1767073538,namenode,2.12%,685.2MiB / 3.828GiB,17.48%,12.9MB / 3.91GB,811MB / 324MB,89,685.2MiB,685.2MiB,685.2
cit-Patents,1767073538,datanode,3.48%,295.6MiB / 3.828GiB,7.54%,4.14GB / 4.15GB,4.14GB / 4.71GB,68,295.6MiB,295.6MiB,295.6
cit-Patents,1767073538,resourcemanager,0.91%,432.8MiB / 3.828GiB,11.04%,1.46MB / 729kB,243MB / 444MB,264,432.8MiB,432.8MiB,432.8
cit-Patents,1767073538,nodemanager,190.16%,1.29GiB / 3.828GiB,33.70%,4.14GB / 221MB,3GB / 7.2GB,266,1.29GiB,1.29GiB,1320.96
cit-Patents,1767073545,namenode,8.73%,689MiB / 3.828GiB,17.58%,12.9MB / 3.91GB,813MB / 324MB,89,689MiB,689MiB,689
cit-Patents,1767073545,datanode,1.86%,298.9MiB / 3.828GiB,7.63%,4.16GB / 4.15GB,4.14GB / 4.73GB,65,298.9MiB,298.9MiB,298.9
cit-Patents,1767073545,resourcemanager,1.21%,433.8MiB / 3.828GiB,11.07%,1.46MB / 731kB,244MB / 444MB,264,433.8MiB,433.8MiB,433.8
cit-Patents,1767073545,nodemanager,14.15%,1.006GiB / 3.828GiB,26.28%,4.14GB / 248MB,3.01GB / 7.2GB,214,1.006GiB,1.006GiB,1030.144
cit-Patents,1767073553,namenode,4.44%,711MiB / 3.828GiB,18.14%,12.9MB / 3.91GB,815MB / 324MB,97,711MiB,711MiB,711
cit-Patents,1767073553,datanode,2.25%,304.7MiB / 3.828GiB,7.77%,4.16GB / 4.15GB,4.15GB / 4.73GB,66,304.7MiB,304.7MiB,304.7
cit-Patents,1767073553,resourcemanager,1.87%,443.9MiB / 3.828GiB,11.33%,1.47MB / 747kB,254MB / 444MB,270,443.9MiB,443.9MiB,443.9
cit-Patents,1767073553,nodemanager,210.20%,921.8MiB / 3.828GiB,23.52%,4.14GB / 248MB,3.02GB / 7.2GB,164,921.8MiB,921.8MiB,921.8
cit-Patents,1767073560,namenode,3.08%,714.1MiB / 3.828GiB,18.22%,12.9MB / 3.91GB,817MB / 324MB,94,714.1MiB,714.1MiB,714.1
cit-Patents,1767073560,datanode,0.55%,308.1MiB / 3.828GiB,7.86%,4.16GB / 4.15GB,4.15GB / 4.73GB,65,308.1MiB,308.1MiB,308.1
cit-Patents,1767073560,resourcemanager,1.29%,446MiB / 3.828GiB,11.38%,1.48MB / 753kB,257MB / 444MB,268,446MiB,446MiB,446
cit-Patents,1767073560,nodemanager,187.48%,1.158GiB / 3.828GiB,30.26%,4.14GB / 248MB,3.04GB / 7.2GB,249,1.158GiB,1.158GiB,1185.792
cit-Patents,1767073568,namenode,3.75%,715.9MiB / 3.828GiB,18.27%,13MB / 3.91GB,818MB / 324MB,91,715.9MiB,715.9MiB,715.9
cit-Patents,1767073568,datanode,0.44%,310.1MiB / 3.828GiB,7.91%,4.16GB / 4.18GB,4.15GB / 4.73GB,67,310.1MiB,310.1MiB,310.1
cit-Patents,1767073568,resourcemanager,4.70%,446.7MiB / 3.828GiB,11.40%,1.49MB / 755kB,257MB / 444MB,266,446.7MiB,446.7MiB,446.7
cit-Patents,1767073568,nodemanager,17.96%,1020MiB / 3.828GiB,26.02%,4.17GB / 248MB,3.04GB / 7.2GB,222,1020MiB,1020MiB,1020
cit-Patents,1767073575,namenode,4.87%,718.9MiB / 3.828GiB,18.34%,13MB / 3.91GB,818MB / 324MB,91,718.9MiB,718.9MiB,718.9
cit-Patents,1767073575,datanode,9.62%,312.2MiB / 3.828GiB,7.97%,4.16GB / 4.18GB,4.15GB / 4.73GB,66,312.2MiB,312.2MiB,312.2
cit-Patents,1767073575,resourcemanager,2.74%,447MiB / 3.828GiB,11.41%,1.5MB / 757kB,258MB / 444MB,266,447MiB,447MiB,447
cit-Patents,1767073575,nodemanager,45.68%,1.014GiB / 3.828GiB,26.48%,4.17GB / 248MB,3.04GB / 7.24GB,215,1.014GiB,1.014GiB,1038.336
soc-LiveJournal1,1767073603,namenode,189.51%,466.1MiB / 3.828GiB,11.89%,22.5MB / 5.01GB,1.1GB / 340MB,86,466.1MiB,466.1MiB,466.1
soc-LiveJournal1,1767073603,datanode,0.07%,329.6MiB / 3.828GiB,8.41%,5.25GB / 4.19GB,4.2GB / 5.79GB,65,329.6MiB,329.6MiB,329.6
soc-LiveJournal1,1767073603,resourcemanager,0.58%,440.9MiB / 3.828GiB,11.25%,1.51MB / 762kB,259MB / 447MB,267,440.9MiB,440.9MiB,440.9
soc-LiveJournal1,1767073603,nodemanager,0.66%,535.8MiB / 3.828GiB,13.67%,4.17GB / 248MB,3.04GB / 7.27GB,120,535.8MiB,535.8MiB,535.8
soc-LiveJournal1,1767073611,namenode,1.42%,658.7MiB / 3.828GiB,16.81%,22.6MB / 5.01GB,1.12GB / 340MB,97,658.7MiB,658.7MiB,658.7
soc-LiveJournal1,1767073611,datanode,6.10%,335.1MiB / 3.828GiB,8.55%,5.25GB / 4.19GB,4.2GB / 5.79GB,67,335.1MiB,335.1MiB,335.1
soc-LiveJournal1,1767073611,resourcemanager,1.10%,443.9MiB / 3.828GiB,11.33%,1.52MB / 773kB,262MB / 447MB,270,443.9MiB,443.9MiB,443.9
soc-LiveJournal1,1767073611,nodemanager,122.10%,604.1MiB / 3.828GiB,15.41%,4.17GB / 248MB,3.05GB / 7.27GB,149,604.1MiB,604.1MiB,604.1
soc-LiveJournal1,1767073618,namenode,1.40%,662.5MiB / 3.828GiB,16.90%,22.6MB / 5.01GB,1.12GB / 340MB,97,662.5MiB,662.5MiB,662.5
soc-LiveJournal1,1767073618,datanode,0.09%,340MiB / 3.828GiB,8.68%,5.26GB / 4.19GB,4.2GB / 5.85GB,66,340MiB,340MiB,340
soc-LiveJournal1,1767073618,resourcemanager,2.28%,445.4MiB / 3.828GiB,11.36%,1.53MB / 782kB,264MB / 447MB,268,445.4MiB,445.4MiB,445.4
soc-LiveJournal1,1767073618,nodemanager,128.36%,1.013GiB / 3.828GiB,26.47%,4.17GB / 249MB,3.07GB / 7.27GB,247,1.013GiB,1.013GiB,1037.312
soc-LiveJournal1,1767073626,namenode,1.27%,663.8MiB / 3.828GiB,16.94%,22.6MB / 5.01GB,1.12GB / 340MB,95,663.8MiB,663.8MiB,663.8
soc-LiveJournal1,1767073626,datanode,0.49%,348.5MiB / 3.828GiB,8.89%,5.26GB / 4.25GB,4.27GB / 5.85GB,67,348.5MiB,348.5MiB,348.5
soc-LiveJournal1,1767073626,resourcemanager,0.88%,446.1MiB / 3.828GiB,11.38%,1.53MB / 784kB,265MB / 447MB,268,446.1MiB,446.1MiB,446.1
soc-LiveJournal1,1767073626,nodemanager,198.54%,1.354GiB / 3.828GiB,35.38%,4.23GB / 249MB,3.07GB / 7.27GB,256,1.354GiB,1.354GiB,1386.496
soc-LiveJournal1,1767073633,namenode,1.35%,664.2MiB / 3.828GiB,16.95%,22.6MB / 5.01GB,1.12GB / 340MB,94,664.2MiB,664.2MiB,664.2
soc-LiveJournal1,1767073633,datanode,0.10%,335.7MiB / 3.828GiB,8.56%,5.26GB / 4.3GB,4.32GB / 5.87GB,67,335.7MiB,335.7MiB,335.7
soc-LiveJournal1,1767073633,resourcemanager,0.76%,445.1MiB / 3.828GiB,11.36%,1.54MB / 786kB,265MB / 452MB,268,445.1MiB,445.1MiB,445.1
soc-LiveJournal1,1767073633,nodemanager,137.34%,1.369GiB / 3.828GiB,35.76%,4.29GB / 249MB,3.07GB / 7.3GB,251,1.369GiB,1.369GiB,1401.856
soc-LiveJournal1,1767073641,namenode,0.85%,664.8MiB / 3.828GiB,16.96%,22.6MB / 5.01GB,1.12GB / 340MB,92,664.8MiB,664.8MiB,664.8
soc-LiveJournal1,1767073641,datanode,0.48%,317.5MiB / 3.828GiB,8.10%,5.26GB / 4.33GB,4.35GB / 5.89GB,66,317.5MiB,317.5MiB,317.5
soc-LiveJournal1,1767073641,resourcemanager,0.60%,443.1MiB / 3.828GiB,11.31%,1.55MB / 787kB,265MB / 453MB,268,443.1MiB,443.1MiB,443.1
soc-LiveJournal1,1767073641,nodemanager,104.60%,1.379GiB / 3.828GiB,36.03%,4.31GB / 249MB,3.09GB / 7.46GB,253,1.379GiB,1.379GiB,1412.096
soc-LiveJournal1,1767073648,namenode,1.49%,666.3MiB / 3.828GiB,17.00%,22.6MB / 5.01GB,1.12GB / 340MB,92,666.3MiB,666.3MiB,666.3
soc-LiveJournal1,1767073648,datanode,3.42%,323MiB / 3.828GiB,8.24%,5.26GB / 4.36GB,4.38GB / 5.89GB,69,323MiB,323MiB,323
soc-LiveJournal1,1767073648,resourcemanager,0.91%,444MiB / 3.828GiB,11.33%,1.56MB / 790kB,266MB / 453MB,268,444MiB,444MiB,444
soc-LiveJournal1,1767073648,nodemanager,131.96%,1.366GiB / 3.828GiB,35.69%,4.34GB / 249MB,3.12GB / 7.49GB,260,1.366GiB,1.366GiB,1398.784
soc-LiveJournal1,1767073656,namenode,3.37%,667.3MiB / 3.828GiB,17.03%,22.6MB / 5.01GB,1.12GB / 340MB,91,667.3MiB,667.3MiB,667.3
soc-LiveJournal1,1767073656,datanode,4.00%,321.4MiB / 3.828GiB,8.20%,5.26GB / 4.42GB,4.44GB / 5.89GB,69,321.4MiB,321.4MiB,321.4
soc-LiveJournal1,1767073656,resourcemanager,0.87%,444.2MiB / 3.828GiB,11.33%,1.56MB / 792kB,266MB / 453MB,268,444.2MiB,444.2MiB,444.2
soc-LiveJournal1,1767073656,nodemanager,114.40%,1.377GiB / 3.828GiB,35.97%,4.4GB / 250MB,3.13GB / 7.52GB,257,1.377GiB,1.377GiB,1410.048
soc-LiveJournal1,1767073662,namenode,1.50%,668.7MiB / 3.828GiB,17.06%,22.6MB / 5.01GB,1.12GB / 340MB,91,668.7MiB,668.7MiB,668.7
soc-LiveJournal1,1767073662,datanode,5.59%,320.4MiB / 3.828GiB,8.17%,5.26GB / 4.47GB,4.49GB / 5.89GB,68,320.4MiB,320.4MiB,320.4
soc-LiveJournal1,1767073662,resourcemanager,0.74%,444.4MiB / 3.828GiB,11.34%,1.57MB / 793kB,266MB / 453MB,268,444.4MiB,444.4MiB,444.4
soc-LiveJournal1,1767073662,nodemanager,132.66%,1.382GiB / 3.828GiB,36.11%,4.45GB / 250MB,3.13GB / 7.56GB,254,1.382GiB,1.382GiB,1415.168
soc-LiveJournal1,1767073670,namenode,5.96%,683MiB / 3.828GiB,17.43%,22.6MB / 5.01GB,1.12GB / 340MB,89,683MiB,683MiB,683
soc-LiveJournal1,1767073670,datanode,1.44%,318.9MiB / 3.828GiB,8.14%,5.26GB / 4.47GB,4.49GB / 5.89GB,67,318.9MiB,318.9MiB,318.9
soc-LiveJournal1,1767073670,resourcemanager,1.47%,444.6MiB / 3.828GiB,11.34%,1.57MB / 795kB,266MB / 453MB,268,444.6MiB,444.6MiB,444.6
soc-LiveJournal1,1767073670,nodemanager,105.29%,1.393GiB / 3.828GiB,36.39%,4.45GB / 250MB,3.18GB / 7.75GB,254,1.393GiB,1.393GiB,1426.432
soc-LiveJournal1,1767073677,namenode,2.30%,684.6MiB / 3.828GiB,17.47%,22.6MB / 5.01GB,1.12GB / 340MB,89,684.6MiB,684.6MiB,684.6
soc-LiveJournal1,1767073677,datanode,4.36%,323.2MiB / 3.828GiB,8.25%,5.26GB / 4.49GB,4.52GB / 5.89GB,67,323.2MiB,323.2MiB,323.2
soc-LiveJournal1,1767073677,resourcemanager,0.90%,445.4MiB / 3.828GiB,11.36%,1.58MB / 798kB,267MB / 453MB,268,445.4MiB,445.4MiB,445.4
soc-LiveJournal1,1767073677,nodemanager,125.38%,1.383GiB / 3.828GiB,36.13%,4.49GB / 250MB,3.2GB / 7.75GB,259,1.383GiB,1.383GiB,1416.192
soc-LiveJournal1,1767073684,namenode,1.52%,668.9MiB / 3.828GiB,17.07%,22.6MB / 5.01GB,1.12GB / 343MB,89,668.9MiB,668.9MiB,668.9
soc-LiveJournal1,1767073684,datanode,2.65%,319.9MiB / 3.828GiB,8.16%,5.26GB / 4.58GB,4.6GB / 5.9GB,67,319.9MiB,319.9MiB,319.9
soc-LiveJournal1,1767073684,resourcemanager,1.20%,445.9MiB / 3.828GiB,11.38%,1.59MB / 800kB,268MB / 453MB,268,445.9MiB,445.9MiB,445.9
soc-LiveJournal1,1767073684,nodemanager,132.06%,1.399GiB / 3.828GiB,36.54%,4.54GB / 250MB,3.2GB / 7.8GB,258,1.399GiB,1.399GiB,1432.576
soc-LiveJournal1,1767073692,namenode,1.24%,670.1MiB / 3.828GiB,17.10%,22.7MB / 5.01GB,1.12GB / 343MB,89,670.1MiB,670.1MiB,670.1
soc-LiveJournal1,1767073692,datanode,0.18%,319.3MiB / 3.828GiB,8.15%,5.26GB / 4.61GB,4.63GB / 5.9GB,66,319.3MiB,319.3MiB,319.3
soc-LiveJournal1,1767073692,resourcemanager,0.58%,446.5MiB / 3.828GiB,11.39%,1.6MB / 801kB,268MB / 453MB,268,446.5MiB,446.5MiB,446.5
soc-LiveJournal1,1767073692,nodemanager,105.10%,1.408GiB / 3.828GiB,36.79%,4.59GB / 250MB,3.2GB / 7.84GB,256,1.408GiB,1.408GiB,1441.792
soc-LiveJournal1,1767073699,namenode,1.81%,675.8MiB / 3.828GiB,17.24%,22.7MB / 5.01GB,1.12GB / 345MB,89,675.8MiB,675.8MiB,675.8
soc-LiveJournal1,1767073699,datanode,0.13%,309.9MiB / 3.828GiB,7.91%,5.26GB / 4.61GB,4.63GB / 5.9GB,66,309.9MiB,309.9MiB,309.9
soc-LiveJournal1,1767073699,resourcemanager,9.04%,446.6MiB / 3.828GiB,11.39%,1.6MB / 804kB,269MB / 453MB,268,446.6MiB,446.6MiB,446.6
soc-LiveJournal1,1767073699,nodemanager,117.94%,1.029GiB / 3.828GiB,26.88%,4.59GB / 250MB,3.22GB / 7.99GB,237,1.029GiB,1.029GiB,1053.696
soc-LiveJournal1,1767073706,namenode,2.29%,676.7MiB / 3.828GiB,17.27%,22.7MB / 5.01GB,1.12GB / 345MB,89,676.7MiB,676.7MiB,676.7
soc-LiveJournal1,1767073706,datanode,10.57%,316MiB / 3.828GiB,8.06%,5.26GB / 4.66GB,4.69GB / 5.9GB,67,316MiB,316MiB,316
soc-LiveJournal1,1767073706,resourcemanager,0.80%,447MiB / 3.828GiB,11.40%,1.61MB / 806kB,269MB / 453MB,268,447MiB,447MiB,447
soc-LiveJournal1,1767073706,nodemanager,131.29%,1.409GiB / 3.828GiB,36.80%,4.64GB / 250MB,3.26GB / 7.99GB,262,1.409GiB,1.409GiB,1442.816
soc-LiveJournal1,1767073712,namenode,1.33%,673.7MiB / 3.828GiB,17.19%,22.7MB / 5.01GB,1.12GB / 349MB,89,673.7MiB,673.7MiB,673.7
soc-LiveJournal1,1767073712,datanode,3.63%,317.3MiB / 3.828GiB,8.10%,5.26GB / 4.71GB,4.74GB / 5.9GB,67,317.3MiB,317.3MiB,317.3
soc-LiveJournal1,1767073712,resourcemanager,0.65%,447.4MiB / 3.828GiB,11.41%,1.61MB / 807kB,269MB / 453MB,268,447.4MiB,447.4MiB,447.4
soc-LiveJournal1,1767073712,nodemanager,127.81%,1.411GiB / 3.828GiB,36.87%,4.69GB / 250MB,3.26GB / 8.05GB,259,1.411GiB,1.411GiB,1444.864
soc-LiveJournal1,1767073720,namenode,0.86%,670.9MiB / 3.828GiB,17.12%,22.7MB / 5.01GB,1.12GB / 350MB,89,670.9MiB,670.9MiB,670.9
soc-LiveJournal1,1767073720,datanode,0.20%,317.7MiB / 3.828GiB,8.10%,5.26GB / 4.74GB,4.78GB / 5.9GB,66,317.7MiB,317.7MiB,317.7
soc-LiveJournal1,1767073720,resourcemanager,0.83%,456.4MiB / 3.828GiB,11.65%,1.62MB / 809kB,279MB / 453MB,268,456.4MiB,456.4MiB,456.4
soc-LiveJournal1,1767073720,nodemanager,102.20%,1.407GiB / 3.828GiB,36.75%,4.72GB / 251MB,3.26GB / 8.11GB,257,1.407GiB,1.407GiB,1440.768
soc-LiveJournal1,1767073727,namenode,1.44%,671.9MiB / 3.828GiB,17.14%,22.7MB / 5.01GB,1.13GB / 350MB,89,671.9MiB,671.9MiB,671.9
soc-LiveJournal1,1767073727,datanode,0.15%,317MiB / 3.828GiB,8.09%,5.26GB / 4.74GB,4.78GB / 5.9GB,66,317MiB,317MiB,317
soc-LiveJournal1,1767073727,resourcemanager,6.58%,456.7MiB / 3.828GiB,11.65%,1.63MB / 811kB,280MB / 453MB,268,456.7MiB,456.7MiB,456.7
soc-LiveJournal1,1767073727,nodemanager,99.76%,1.034GiB / 3.828GiB,27.02%,4.72GB / 251MB,3.34GB / 8.23GB,250,1.034GiB,1.034GiB,1058.816
soc-LiveJournal1,1767073734,namenode,2.22%,674MiB / 3.828GiB,17.20%,22.7MB / 5.01GB,1.13GB / 350MB,89,674MiB,674MiB,674
soc-LiveJournal1,1767073734,datanode,0.35%,322.9MiB / 3.828GiB,8.24%,5.26GB / 4.8GB,4.84GB / 5.9GB,67,322.9MiB,322.9MiB,322.9
soc-LiveJournal1,1767073734,resourcemanager,0.70%,457.2MiB / 3.828GiB,11.66%,1.64MB / 814kB,280MB / 453MB,268,457.2MiB,457.2MiB,457.2
soc-LiveJournal1,1767073734,nodemanager,106.16%,1.401GiB / 3.828GiB,36.62%,4.78GB / 251MB,3.34GB / 8.23GB,262,1.401GiB,1.401GiB,1434.624
soc-LiveJournal1,1767073742,namenode,2.55%,675.6MiB / 3.828GiB,17.24%,22.7MB / 5.01GB,1.13GB / 350MB,89,675.6MiB,675.6MiB,675.6
soc-LiveJournal1,1767073742,datanode,1.56%,318.2MiB / 3.828GiB,8.12%,5.26GB / 4.85GB,4.89GB / 5.91GB,67,318.2MiB,318.2MiB,318.2
soc-LiveJournal1,1767073742,resourcemanager,1.70%,458.2MiB / 3.828GiB,11.69%,1.64MB / 816kB,281MB / 453MB,268,458.2MiB,458.2MiB,458.2
soc-LiveJournal1,1767073742,nodemanager,113.49%,1.408GiB / 3.828GiB,36.79%,4.83GB / 251MB,3.36GB / 8.27GB,263,1.408GiB,1.408GiB,1441.792
soc-LiveJournal1,1767073750,namenode,0.61%,676MiB / 3.828GiB,17.25%,22.7MB / 5.01GB,1.13GB / 350MB,89,676MiB,676MiB,676
soc-LiveJournal1,1767073750,datanode,0.44%,311.2MiB / 3.828GiB,7.94%,5.26GB / 4.88GB,4.92GB / 5.91GB,66,311.2MiB,311.2MiB,311.2
soc-LiveJournal1,1767073750,resourcemanager,0.75%,458.8MiB / 3.828GiB,11.71%,1.65MB / 817kB,281MB / 453MB,268,458.8MiB,458.8MiB,458.8
soc-LiveJournal1,1767073750,nodemanager,102.98%,1.403GiB / 3.828GiB,36.65%,4.86GB / 251MB,3.36GB / 8.43GB,262,1.403GiB,1.403GiB,1436.672
soc-LiveJournal1,1767073757,namenode,0.98%,676.6MiB / 3.828GiB,17.26%,22.7MB / 5.01GB,1.13GB / 350MB,89,676.6MiB,676.6MiB,676.6
soc-LiveJournal1,1767073757,datanode,0.16%,311.6MiB / 3.828GiB,7.95%,5.26GB / 4.88GB,4.92GB / 5.91GB,66,311.6MiB,311.6MiB,311.6
soc-LiveJournal1,1767073757,resourcemanager,0.64%,459.7MiB / 3.828GiB,11.73%,1.66MB / 820kB,282MB / 453MB,268,459.7MiB,459.7MiB,459.7
soc-LiveJournal1,1767073757,nodemanager,165.33%,1.243GiB / 3.828GiB,32.49%,4.86GB / 251MB,3.39GB / 8.51GB,262,1.243GiB,1.243GiB,1272.832
soc-LiveJournal1,1767073764,namenode,1.70%,677.2MiB / 3.828GiB,17.28%,22.7MB / 5.01GB,1.13GB / 350MB,89,677.2MiB,677.2MiB,677.2
soc-LiveJournal1,1767073764,datanode,2.08%,317MiB / 3.828GiB,8.09%,5.26GB / 4.95GB,4.99GB / 5.91GB,67,317MiB,317MiB,317
soc-LiveJournal1,1767073764,resourcemanager,0.62%,459.9MiB / 3.828GiB,11.73%,1.66MB / 822kB,282MB / 453MB,268,459.9MiB,459.9MiB,459.9
soc-LiveJournal1,1767073764,nodemanager,112.73%,1.395GiB / 3.828GiB,36.45%,4.92GB / 251MB,3.39GB / 8.51GB,262,1.395GiB,1.395GiB,1428.48
soc-LiveJournal1,1767073772,namenode,0.86%,659.4MiB / 3.828GiB,16.82%,22.7MB / 5.01GB,1.13GB / 356MB,89,659.4MiB,659.4MiB,659.4
soc-LiveJournal1,1767073772,datanode,2.13%,320.6MiB / 3.828GiB,8.18%,5.26GB / 5.02GB,5.06GB / 5.91GB,66,320.6MiB,320.6MiB,320.6
soc-LiveJournal1,1767073772,resourcemanager,0.84%,459MiB / 3.828GiB,11.71%,1.67MB / 824kB,282MB / 454MB,268,459MiB,459MiB,459
soc-LiveJournal1,1767073772,nodemanager,121.74%,1.405GiB / 3.828GiB,36.70%,4.99GB / 252MB,3.39GB / 8.59GB,262,1.405GiB,1.405GiB,1438.72
soc-LiveJournal1,1767073779,namenode,1.96%,660MiB / 3.828GiB,16.84%,22.8MB / 5.01GB,1.13GB / 356MB,89,660MiB,660MiB,660
soc-LiveJournal1,1767073779,datanode,0.58%,317.8MiB / 3.828GiB,8.11%,5.26GB / 5.02GB,5.06GB / 5.91GB,66,317.8MiB,317.8MiB,317.8
soc-LiveJournal1,1767073779,resourcemanager,7.39%,459.6MiB / 3.828GiB,11.73%,1.68MB / 827kB,283MB / 454MB,268,459.6MiB,459.6MiB,459.6
soc-LiveJournal1,1767073779,nodemanager,70.46%,1.008GiB / 3.828GiB,26.33%,5GB / 252MB,3.4GB / 8.71GB,242,1.008GiB,1.008GiB,1032.192
soc-LiveJournal1,1767073787,namenode,2.28%,661.1MiB / 3.828GiB,16.87%,22.8MB / 5.01GB,1.13GB / 356MB,89,661.1MiB,661.1MiB,661.1
soc-LiveJournal1,1767073787,datanode,4.57%,337.9MiB / 3.828GiB,8.62%,5.26GB / 5.08GB,5.14GB / 5.91GB,67,337.9MiB,337.9MiB,337.9
soc-LiveJournal1,1767073787,resourcemanager,5.45%,460.2MiB / 3.828GiB,11.74%,1.68MB / 828kB,283MB / 454MB,268,460.2MiB,460.2MiB,460.2
soc-LiveJournal1,1767073787,nodemanager,203.92%,1.398GiB / 3.828GiB,36.53%,5.06GB / 252MB,3.42GB / 8.71GB,264,1.398GiB,1.398GiB,1431.552
soc-LiveJournal1,1767073794,namenode,1.10%,661.7MiB / 3.828GiB,16.88%,22.8MB / 5.01GB,1.13GB / 356MB,89,661.7MiB,661.7MiB,661.7
soc-LiveJournal1,1767073794,datanode,0.82%,327.4MiB / 3.828GiB,8.35%,5.26GB / 5.13GB,5.2GB / 5.93GB,67,327.4MiB,327.4MiB,327.4
soc-LiveJournal1,1767073794,resourcemanager,1.12%,460.5MiB / 3.828GiB,11.75%,1.69MB / 830kB,284MB / 454MB,268,460.5MiB,460.5MiB,460.5
soc-LiveJournal1,1767073794,nodemanager,122.92%,1.407GiB / 3.828GiB,36.76%,5.11GB / 252MB,3.43GB / 8.74GB,261,1.407GiB,1.407GiB,1440.768
soc-LiveJournal1,1767073802,namenode,4.84%,664.2MiB / 3.828GiB,16.95%,22.8MB / 5.01GB,1.13GB / 356MB,89,664.2MiB,664.2MiB,664.2
soc-LiveJournal1,1767073802,datanode,0.55%,326.5MiB / 3.828GiB,8.33%,5.26GB / 5.15GB,5.22GB / 5.93GB,66,326.5MiB,326.5MiB,326.5
soc-LiveJournal1,1767073802,resourcemanager,0.86%,460.7MiB / 3.828GiB,11.75%,1.7MB / 832kB,284MB / 454MB,268,460.7MiB,460.7MiB,460.7
soc-LiveJournal1,1767073802,nodemanager,127.46%,1.412GiB / 3.828GiB,36.88%,5.14GB / 253MB,3.43GB / 8.87GB,266,1.412GiB,1.412GiB,1445.888
soc-LiveJournal1,1767073810,namenode,1.80%,672MiB / 3.828GiB,17.15%,22.8MB / 5.01GB,1.13GB / 356MB,89,672MiB,672MiB,672
soc-LiveJournal1,1767073810,datanode,0.20%,323.5MiB / 3.828GiB,8.25%,5.26GB / 5.15GB,5.22GB / 5.93GB,66,323.5MiB,323.5MiB,323.5
soc-LiveJournal1,1767073810,resourcemanager,1.06%,460.6MiB / 3.828GiB,11.75%,1.71MB / 835kB,285MB / 454MB,268,460.6MiB,460.6MiB,460.6
soc-LiveJournal1,1767073810,nodemanager,177.96%,1.222GiB / 3.828GiB,31.93%,5.14GB / 253MB,3.49GB / 8.94GB,260,1.222GiB,1.222GiB,1251.328
soc-LiveJournal1,1767073817,namenode,0.85%,674.7MiB / 3.828GiB,17.21%,22.8MB / 5.01GB,1.13GB / 356MB,89,674.7MiB,674.7MiB,674.7
soc-LiveJournal1,1767073817,datanode,0.10%,334.9MiB / 3.828GiB,8.54%,5.26GB / 5.22GB,5.3GB / 5.93GB,67,334.9MiB,334.9MiB,334.9
soc-LiveJournal1,1767073817,resourcemanager,1.31%,461.5MiB / 3.828GiB,11.77%,1.71MB / 836kB,285MB / 454MB,268,461.5MiB,461.5MiB,461.5
soc-LiveJournal1,1767073817,nodemanager,113.11%,1.401GiB / 3.828GiB,36.59%,5.2GB / 253MB,3.5GB / 8.94GB,263,1.401GiB,1.401GiB,1434.624
soc-LiveJournal1,1767073824,namenode,1.09%,675.5MiB / 3.828GiB,17.23%,22.8MB / 5.01GB,1.13GB / 356MB,89,675.5MiB,675.5MiB,675.5
soc-LiveJournal1,1767073824,datanode,3.91%,337.1MiB / 3.828GiB,8.60%,5.26GB / 5.28GB,5.37GB / 5.94GB,67,337.1MiB,337.1MiB,337.1
soc-LiveJournal1,1767073824,resourcemanager,1.02%,461.9MiB / 3.828GiB,11.79%,1.72MB / 839kB,286MB / 454MB,268,461.9MiB,461.9MiB,461.9
soc-LiveJournal1,1767073824,nodemanager,131.86%,1.398GiB / 3.828GiB,36.52%,5.26GB / 253MB,3.51GB / 9.07GB,260,1.398GiB,1.398GiB,1431.552
soc-LiveJournal1,1767073832,namenode,4.26%,676.7MiB / 3.828GiB,17.27%,22.8MB / 5.01GB,1.13GB / 356MB,89,676.7MiB,676.7MiB,676.7
soc-LiveJournal1,1767073832,datanode,1.29%,335MiB / 3.828GiB,8.55%,5.26GB / 5.29GB,5.37GB / 5.94GB,66,335MiB,335MiB,335
soc-LiveJournal1,1767073832,resourcemanager,0.99%,462.2MiB / 3.828GiB,11.79%,1.73MB / 840kB,286MB / 454MB,268,462.2MiB,462.2MiB,462.2
soc-LiveJournal1,1767073832,nodemanager,113.90%,1024MiB / 3.828GiB,26.11%,5.27GB / 253MB,3.54GB / 9.19GB,233,1024MiB,1024MiB,1024
soc-LiveJournal1,1767073839,namenode,0.63%,678.3MiB / 3.828GiB,17.31%,22.8MB / 5.01GB,1.13GB / 356MB,89,678.3MiB,678.3MiB,678.3
soc-LiveJournal1,1767073839,datanode,0.68%,324.2MiB / 3.828GiB,8.27%,5.26GB / 5.29GB,5.38GB / 5.94GB,68,324.2MiB,324.2MiB,324.2
soc-LiveJournal1,1767073839,resourcemanager,1.00%,462.6MiB / 3.828GiB,11.80%,1.73MB / 843kB,286MB / 454MB,268,462.6MiB,462.6MiB,462.6
soc-LiveJournal1,1767073839,nodemanager,109.69%,1.293GiB / 3.828GiB,33.78%,5.27GB / 255MB,4.53GB / 10.1GB,269,1.293GiB,1.293GiB,1324.032
soc-LiveJournal1,1767073847,namenode,0.37%,679MiB / 3.828GiB,17.32%,22.8MB / 5.01GB,1.13GB / 356MB,89,679MiB,679MiB,679
soc-LiveJournal1,1767073847,datanode,1.41%,325.2MiB / 3.828GiB,8.30%,5.27GB / 5.29GB,5.38GB / 5.94GB,68,325.2MiB,325.2MiB,325.2
soc-LiveJournal1,1767073847,resourcemanager,0.56%,462.8MiB / 3.828GiB,11.81%,1.74MB / 845kB,287MB / 454MB,268,462.8MiB,462.8MiB,462.8
soc-LiveJournal1,1767073847,nodemanager,107.69%,1.315GiB / 3.828GiB,34.36%,5.27GB / 266MB,4.68GB / 10.1GB,268,1.315GiB,1.315GiB,1346.56
soc-LiveJournal1,1767073854,namenode,0.69%,679.8MiB / 3.828GiB,17.34%,22.8MB / 5.01GB,1.13GB / 356MB,89,679.8MiB,679.8MiB,679.8
soc-LiveJournal1,1767073854,datanode,1.56%,327.1MiB / 3.828GiB,8.35%,5.29GB / 5.29GB,5.38GB / 5.95GB,68,327.1MiB,327.1MiB,327.1
soc-LiveJournal1,1767073854,resourcemanager,0.56%,463MiB / 3.828GiB,11.81%,1.75MB / 847kB,287MB / 454MB,268,463MiB,463MiB,463
soc-LiveJournal1,1767073854,nodemanager,115.32%,1.312GiB / 3.828GiB,34.27%,5.27GB / 286MB,4.95GB / 10.1GB,264,1.312GiB,1.312GiB,1343.488
soc-LiveJournal1,1767073862,namenode,0.73%,677.1MiB / 3.828GiB,17.28%,22.8MB / 5.01GB,1.13GB / 356MB,89,677.1MiB,677.1MiB,677.1
soc-LiveJournal1,1767073862,datanode,0.92%,328.3MiB / 3.828GiB,8.38%,5.3GB / 5.29GB,5.38GB / 5.95GB,68,328.3MiB,328.3MiB,328.3
soc-LiveJournal1,1767073862,resourcemanager,0.75%,463.7MiB / 3.828GiB,11.83%,1.75MB / 849kB,287MB / 455MB,268,463.7MiB,463.7MiB,463.7
soc-LiveJournal1,1767073862,nodemanager,107.61%,1.299GiB / 3.828GiB,33.93%,5.27GB / 297MB,5.16GB / 10.2GB,266,1.299GiB,1.299GiB,1330.176
soc-LiveJournal1,1767073869,namenode,63.77%,706.1MiB / 3.828GiB,18.02%,22.9MB / 5.01GB,1.14GB / 356MB,97,706.1MiB,706.1MiB,706.1
soc-LiveJournal1,1767073869,datanode,11.50%,335.5MiB / 3.828GiB,8.56%,5.31GB / 5.29GB,5.39GB / 5.98GB,65,335.5MiB,335.5MiB,335.5
soc-LiveJournal1,1767073869,resourcemanager,6.13%,465.5MiB / 3.828GiB,11.88%,1.76MB / 854kB,288MB / 455MB,268,465.5MiB,465.5MiB,465.5
soc-LiveJournal1,1767073869,nodemanager,1.42%,1004MiB / 3.828GiB,25.62%,5.27GB / 300MB,5.25GB / 10.2GB,170,1004MiB,1004MiB,1004
soc-LiveJournal1,1767073876,namenode,0.98%,708.3MiB / 3.828GiB,18.07%,22.9MB / 5.01GB,1.14GB / 356MB,97,708.3MiB,708.3MiB,708.3
soc-LiveJournal1,1767073876,datanode,0.65%,338.3MiB / 3.828GiB,8.63%,5.31GB / 5.29GB,5.39GB / 5.98GB,66,338.3MiB,338.3MiB,338.3
soc-LiveJournal1,1767073876,resourcemanager,1.61%,468.9MiB / 3.828GiB,11.96%,1.77MB / 868kB,292MB / 455MB,274,468.9MiB,468.9MiB,468.9
soc-LiveJournal1,1767073876,nodemanager,188.21%,922.1MiB / 3.828GiB,23.53%,5.27GB / 300MB,5.3GB / 10.2GB,174,922.1MiB,922.1MiB,922.1
soc-LiveJournal1,1767073883,namenode,2.99%,712.7MiB / 3.828GiB,18.18%,22.9MB / 5.01GB,1.14GB / 356MB,94,712.7MiB,712.7MiB,712.7
soc-LiveJournal1,1767073883,datanode,3.25%,342MiB / 3.828GiB,8.73%,5.31GB / 5.3GB,5.4GB / 5.98GB,66,342MiB,342MiB,342
soc-LiveJournal1,1767073883,resourcemanager,1.05%,469.4MiB / 3.828GiB,11.98%,1.78MB / 872kB,293MB / 455MB,270,469.4MiB,469.4MiB,469.4
soc-LiveJournal1,1767073883,nodemanager,178.85%,1.255GiB / 3.828GiB,32.78%,5.27GB / 300MB,5.31GB / 10.2GB,255,1.255GiB,1.255GiB,1285.12
soc-LiveJournal1,1767073891,namenode,2.63%,713.7MiB / 3.828GiB,18.21%,22.9MB / 5.01GB,1.14GB / 356MB,91,713.7MiB,713.7MiB,713.7
soc-LiveJournal1,1767073891,datanode,0.19%,341.7MiB / 3.828GiB,8.72%,5.31GB / 5.34GB,5.4GB / 5.98GB,67,341.7MiB,341.7MiB,341.7
soc-LiveJournal1,1767073891,resourcemanager,5.28%,469.9MiB / 3.828GiB,11.99%,1.79MB / 874kB,293MB / 455MB,270,469.9MiB,469.9MiB,469.9
soc-LiveJournal1,1767073891,nodemanager,70.37%,984.9MiB / 3.828GiB,25.13%,5.32GB / 300MB,5.31GB / 10.2GB,221,984.9MiB,984.9MiB,984.9
soc-LiveJournal1,1767073898,namenode,11.85%,715.4MiB / 3.828GiB,18.25%,22.9MB / 5.01GB,1.14GB / 356MB,91,715.4MiB,715.4MiB,715.4
soc-LiveJournal1,1767073898,datanode,2.85%,342.6MiB / 3.828GiB,8.74%,5.31GB / 5.34GB,5.4GB / 5.99GB,67,342.6MiB,342.6MiB,342.6
soc-LiveJournal1,1767073898,resourcemanager,1.13%,470.2MiB / 3.828GiB,12.00%,1.8MB / 877kB,293MB / 455MB,270,470.2MiB,470.2MiB,470.2
soc-LiveJournal1,1767073898,nodemanager,78.59%,1.244GiB / 3.828GiB,32.50%,5.32GB / 300MB,5.32GB / 10.2GB,265,1.244GiB,1.244GiB,1273.856
soc-pokec-relationships,1767073918,namenode,197.74%,479.3MiB / 3.828GiB,12.23%,23.7MB / 5.44GB,1.14GB / 357MB,86,479.3MiB,479.3MiB,479.3
soc-pokec-relationships,1767073918,datanode,0.59%,367.7MiB / 3.828GiB,9.38%,5.73GB / 5.34GB,5.42GB / 6.4GB,65,367.7MiB,367.7MiB,367.7
soc-pokec-relationships,1767073918,resourcemanager,0.74%,472.9MiB / 3.828GiB,12.07%,1.81MB / 881kB,295MB / 455MB,271,472.9MiB,472.9MiB,472.9
soc-pokec-relationships,1767073918,nodemanager,0.51%,544.5MiB / 3.828GiB,13.89%,5.32GB / 301MB,5.32GB / 10.2GB,121,544.5MiB,544.5MiB,544.5
soc-pokec-relationships,1767073926,namenode,3.02%,669MiB / 3.828GiB,17.07%,23.7MB / 5.44GB,1.14GB / 357MB,97,669MiB,669MiB,669
soc-pokec-relationships,1767073926,datanode,1.66%,371.1MiB / 3.828GiB,9.47%,5.73GB / 5.34GB,5.42GB / 6.4GB,66,371.1MiB,371.1MiB,371.1
soc-pokec-relationships,1767073926,resourcemanager,0.95%,475.9MiB / 3.828GiB,12.14%,1.82MB / 893kB,298MB / 455MB,274,475.9MiB,475.9MiB,475.9
soc-pokec-relationships,1767073926,nodemanager,137.19%,629.2MiB / 3.828GiB,16.05%,5.32GB / 301MB,5.32GB / 10.2GB,149,629.2MiB,629.2MiB,629.2
soc-pokec-relationships,1767073933,namenode,3.15%,658.4MiB / 3.828GiB,16.80%,23.7MB / 5.44GB,1.15GB / 369MB,96,658.4MiB,658.4MiB,658.4
soc-pokec-relationships,1767073933,datanode,0.11%,363.6MiB / 3.828GiB,9.28%,5.74GB / 5.34GB,5.42GB / 6.41GB,65,363.6MiB,363.6MiB,363.6
soc-pokec-relationships,1767073933,resourcemanager,1.76%,471.3MiB / 3.828GiB,12.02%,1.82MB / 900kB,299MB / 458MB,272,471.3MiB,471.3MiB,471.3
soc-pokec-relationships,1767073933,nodemanager,133.99%,1007MiB / 3.828GiB,25.70%,5.32GB / 301MB,5.33GB / 10.3GB,245,1007MiB,1007MiB,1007
soc-pokec-relationships,1767073941,namenode,1.48%,660.2MiB / 3.828GiB,16.84%,23.7MB / 5.44GB,1.15GB / 369MB,93,660.2MiB,660.2MiB,660.2
soc-pokec-relationships,1767073941,datanode,0.19%,357.2MiB / 3.828GiB,9.11%,5.74GB / 5.39GB,5.48GB / 6.41GB,66,357.2MiB,357.2MiB,357.2
soc-pokec-relationships,1767073941,resourcemanager,0.98%,471.8MiB / 3.828GiB,12.04%,1.83MB / 902kB,299MB / 458MB,272,471.8MiB,471.8MiB,471.8
soc-pokec-relationships,1767073941,nodemanager,102.46%,1.315GiB / 3.828GiB,34.35%,5.37GB / 301MB,5.33GB / 10.3GB,257,1.315GiB,1.315GiB,1346.56
soc-pokec-relationships,1767073949,namenode,1.44%,661.2MiB / 3.828GiB,16.87%,23.8MB / 5.44GB,1.15GB / 369MB,93,661.2MiB,661.2MiB,661.2
soc-pokec-relationships,1767073949,datanode,0.07%,356.2MiB / 3.828GiB,9.09%,5.74GB / 5.43GB,5.52GB / 6.42GB,66,356.2MiB,356.2MiB,356.2
soc-pokec-relationships,1767073949,resourcemanager,0.60%,471.8MiB / 3.828GiB,12.04%,1.84MB / 904kB,299MB / 458MB,272,471.8MiB,471.8MiB,471.8
soc-pokec-relationships,1767073949,nodemanager,125.84%,1.334GiB / 3.828GiB,34.85%,5.41GB / 301MB,5.33GB / 10.3GB,251,1.334GiB,1.334GiB,1366.016
soc-pokec-relationships,1767073956,namenode,1.21%,656.1MiB / 3.828GiB,16.74%,23.8MB / 5.44GB,1.15GB / 369MB,92,656.1MiB,656.1MiB,656.1
soc-pokec-relationships,1767073956,datanode,0.38%,341.7MiB / 3.828GiB,8.72%,5.74GB / 5.48GB,5.57GB / 6.43GB,65,341.7MiB,341.7MiB,341.7
soc-pokec-relationships,1767073956,resourcemanager,0.56%,472.7MiB / 3.828GiB,12.06%,1.84MB / 906kB,300MB / 458MB,272,472.7MiB,472.7MiB,472.7
soc-pokec-relationships,1767073956,nodemanager,121.36%,1.344GiB / 3.828GiB,35.12%,5.46GB / 302MB,5.34GB / 10.4GB,253,1.344GiB,1.344GiB,1376.256
soc-pokec-relationships,1767073963,namenode,0.81%,657.8MiB / 3.828GiB,16.78%,23.8MB / 5.44GB,1.15GB / 369MB,92,657.8MiB,657.8MiB,657.8
soc-pokec-relationships,1767073963,datanode,0.10%,342.9MiB / 3.828GiB,8.75%,5.74GB / 5.48GB,5.57GB / 6.43GB,67,342.9MiB,342.9MiB,342.9
soc-pokec-relationships,1767073963,resourcemanager,1.66%,494.8MiB / 3.828GiB,12.62%,1.85MB / 909kB,312MB / 458MB,272,494.8MiB,494.8MiB,494.8
soc-pokec-relationships,1767073963,nodemanager,16.26%,965.6MiB / 3.828GiB,24.64%,5.46GB / 302MB,5.41GB / 10.5GB,223,965.6MiB,965.6MiB,965.6
soc-pokec-relationships,1767073971,namenode,1.27%,659.5MiB / 3.828GiB,16.83%,23.8MB / 5.44GB,1.15GB / 369MB,91,659.5MiB,659.5MiB,659.5
soc-pokec-relationships,1767073971,datanode,0.92%,336.3MiB / 3.828GiB,8.58%,5.74GB / 5.53GB,5.62GB / 6.44GB,68,336.3MiB,336.3MiB,336.3
soc-pokec-relationships,1767073971,resourcemanager,1.23%,494.9MiB / 3.828GiB,12.63%,1.86MB / 910kB,312MB / 458MB,272,494.9MiB,494.9MiB,494.9
soc-pokec-relationships,1767073971,nodemanager,196.66%,1.339GiB / 3.828GiB,34.99%,5.51GB / 302MB,5.46GB / 10.6GB,260,1.339GiB,1.339GiB,1371.136
soc-pokec-relationships,1767073978,namenode,3.25%,660.5MiB / 3.828GiB,16.85%,23.8MB / 5.44GB,1.15GB / 369MB,90,660.5MiB,660.5MiB,660.5
soc-pokec-relationships,1767073978,datanode,0.09%,337.9MiB / 3.828GiB,8.62%,5.74GB / 5.57GB,5.67GB / 6.44GB,68,337.9MiB,337.9MiB,337.9
soc-pokec-relationships,1767073978,resourcemanager,0.78%,495.2MiB / 3.828GiB,12.63%,1.87MB / 912kB,312MB / 458MB,272,495.2MiB,495.2MiB,495.2
soc-pokec-relationships,1767073978,nodemanager,109.03%,1.349GiB / 3.828GiB,35.24%,5.56GB / 302MB,5.46GB / 10.6GB,256,1.349GiB,1.349GiB,1381.376
soc-pokec-relationships,1767073986,namenode,0.99%,661.4MiB / 3.828GiB,16.87%,23.8MB / 5.44GB,1.15GB / 369MB,89,661.4MiB,661.4MiB,661.4
soc-pokec-relationships,1767073986,datanode,1.90%,344.2MiB / 3.828GiB,8.78%,5.74GB / 5.61GB,5.71GB / 6.44GB,66,344.2MiB,344.2MiB,344.2
soc-pokec-relationships,1767073986,resourcemanager,1.92%,495.3MiB / 3.828GiB,12.64%,1.87MB / 914kB,312MB / 458MB,272,495.3MiB,495.3MiB,495.3
soc-pokec-relationships,1767073986,nodemanager,107.23%,1.355GiB / 3.828GiB,35.40%,5.59GB / 303MB,5.46GB / 10.6GB,255,1.355GiB,1.355GiB,1387.52
soc-pokec-relationships,1767073993,namenode,2.34%,663.5MiB / 3.828GiB,16.93%,23.8MB / 5.44GB,1.15GB / 369MB,89,663.5MiB,663.5MiB,663.5
soc-pokec-relationships,1767073993,datanode,0.12%,345.1MiB / 3.828GiB,8.81%,5.74GB / 5.61GB,5.71GB / 6.44GB,66,345.1MiB,345.1MiB,345.1
soc-pokec-relationships,1767073993,resourcemanager,0.96%,495.7MiB / 3.828GiB,12.65%,1.88MB / 917kB,312MB / 458MB,272,495.7MiB,495.7MiB,495.7
soc-pokec-relationships,1767073993,nodemanager,164.62%,1.101GiB / 3.828GiB,28.78%,5.59GB / 303MB,5.53GB / 10.8GB,250,1.101GiB,1.101GiB,1127.424
soc-pokec-relationships,1767074001,namenode,1.69%,664.7MiB / 3.828GiB,16.96%,23.8MB / 5.44GB,1.15GB / 369MB,89,664.7MiB,664.7MiB,664.7
soc-pokec-relationships,1767074001,datanode,0.25%,351.3MiB / 3.828GiB,8.96%,5.74GB / 5.67GB,5.77GB / 6.44GB,67,351.3MiB,351.3MiB,351.3
soc-pokec-relationships,1767074001,resourcemanager,0.48%,495.8MiB / 3.828GiB,12.65%,1.89MB / 918kB,312MB / 458MB,272,495.8MiB,495.8MiB,495.8
soc-pokec-relationships,1767074001,nodemanager,108.21%,1.344GiB / 3.828GiB,35.13%,5.65GB / 303MB,5.55GB / 10.8GB,257,1.344GiB,1.344GiB,1376.256
soc-pokec-relationships,1767074008,namenode,1.16%,672.1MiB / 3.828GiB,17.15%,23.8MB / 5.44GB,1.15GB / 369MB,89,672.1MiB,672.1MiB,672.1
soc-pokec-relationships,1767074008,datanode,1.68%,344.6MiB / 3.828GiB,8.79%,5.74GB / 5.72GB,5.82GB / 6.44GB,67,344.6MiB,344.6MiB,344.6
soc-pokec-relationships,1767074008,resourcemanager,0.55%,496.4MiB / 3.828GiB,12.67%,1.89MB / 921kB,312MB / 459MB,272,496.4MiB,496.4MiB,496.4
soc-pokec-relationships,1767074008,nodemanager,114.49%,1.351GiB / 3.828GiB,35.30%,5.7GB / 303MB,5.55GB / 10.9GB,254,1.351GiB,1.351GiB,1383.424
soc-pokec-relationships,1767074016,namenode,1.69%,673.8MiB / 3.828GiB,17.19%,23.8MB / 5.44GB,1.15GB / 369MB,89,673.8MiB,673.8MiB,673.8
soc-pokec-relationships,1767074016,datanode,0.30%,340.4MiB / 3.828GiB,8.69%,5.74GB / 5.75GB,5.85GB / 6.44GB,66,340.4MiB,340.4MiB,340.4
soc-pokec-relationships,1767074016,resourcemanager,0.66%,496.5MiB / 3.828GiB,12.67%,1.9MB / 923kB,312MB / 459MB,272,496.5MiB,496.5MiB,496.5
soc-pokec-relationships,1767074016,nodemanager,123.18%,1.363GiB / 3.828GiB,35.60%,5.73GB / 303MB,5.55GB / 11GB,257,1.363GiB,1.363GiB,1395.712
soc-pokec-relationships,1767074023,namenode,1.71%,674.8MiB / 3.828GiB,17.22%,23.8MB / 5.44GB,1.15GB / 369MB,89,674.8MiB,674.8MiB,674.8
soc-pokec-relationships,1767074023,datanode,4.39%,348.6MiB / 3.828GiB,8.89%,5.74GB / 5.75GB,5.85GB / 6.44GB,67,348.6MiB,348.6MiB,348.6
soc-pokec-relationships,1767074023,resourcemanager,0.78%,497.4MiB / 3.828GiB,12.69%,1.91MB / 925kB,313MB / 459MB,272,497.4MiB,497.4MiB,497.4
soc-pokec-relationships,1767074023,nodemanager,181.86%,1.35GiB / 3.828GiB,35.26%,5.73GB / 303MB,5.6GB / 11.1GB,262,1.35GiB,1.35GiB,1382.4
soc-pokec-relationships,1767074031,namenode,2.16%,681.4MiB / 3.828GiB,17.38%,23.8MB / 5.44GB,1.16GB / 369MB,89,681.4MiB,681.4MiB,681.4
soc-pokec-relationships,1767074031,datanode,0.50%,347.9MiB / 3.828GiB,8.88%,5.74GB / 5.77GB,5.87GB / 6.44GB,66,347.9MiB,347.9MiB,347.9
soc-pokec-relationships,1767074031,resourcemanager,0.96%,498MiB / 3.828GiB,12.71%,1.92MB / 927kB,313MB / 459MB,272,498MiB,498MiB,498
soc-pokec-relationships,1767074031,nodemanager,185.74%,1.134GiB / 3.828GiB,29.63%,5.75GB / 303MB,5.61GB / 11.1GB,256,1.134GiB,1.134GiB,1161.216
soc-pokec-relationships,1767074038,namenode,1.15%,682.3MiB / 3.828GiB,17.41%,23.9MB / 5.44GB,1.16GB / 369MB,89,682.3MiB,682.3MiB,682.3
soc-pokec-relationships,1767074038,datanode,0.65%,337.1MiB / 3.828GiB,8.60%,5.75GB / 5.77GB,5.87GB / 6.46GB,68,337.1MiB,337.1MiB,337.1
soc-pokec-relationships,1767074038,resourcemanager,0.80%,498.1MiB / 3.828GiB,12.71%,1.92MB / 929kB,313MB / 459MB,272,498.1MiB,498.1MiB,498.1
soc-pokec-relationships,1767074038,nodemanager,103.38%,1.28GiB / 3.828GiB,33.45%,5.75GB / 312MB,5.96GB / 11.5GB,267,1.28GiB,1.28GiB,1310.72
soc-pokec-relationships,1767074046,namenode,5.49%,686.8MiB / 3.828GiB,17.52%,23.9MB / 5.44GB,1.16GB / 370MB,89,686.8MiB,686.8MiB,686.8
soc-pokec-relationships,1767074046,datanode,0.75%,335.9MiB / 3.828GiB,8.57%,5.75GB / 5.77GB,5.87GB / 6.47GB,65,335.9MiB,335.9MiB,335.9
soc-pokec-relationships,1767074046,resourcemanager,1.08%,508.7MiB / 3.828GiB,12.98%,1.93MB / 931kB,324MB / 459MB,272,508.7MiB,508.7MiB,508.7
soc-pokec-relationships,1767074046,nodemanager,36.59%,982.8MiB / 3.828GiB,25.07%,5.75GB / 319MB,6.07GB / 11.5GB,213,982.8MiB,982.8MiB,982.8
soc-pokec-relationships,1767074054,namenode,5.40%,710.3MiB / 3.828GiB,18.12%,23.9MB / 5.44GB,1.16GB / 370MB,97,710.3MiB,710.3MiB,710.3
soc-pokec-relationships,1767074054,datanode,1.86%,340.9MiB / 3.828GiB,8.70%,5.75GB / 5.77GB,5.88GB / 6.47GB,66,340.9MiB,340.9MiB,340.9
soc-pokec-relationships,1767074054,resourcemanager,1.33%,514.7MiB / 3.828GiB,13.13%,1.94MB / 948kB,325MB / 459MB,278,514.7MiB,514.7MiB,514.7
soc-pokec-relationships,1767074054,nodemanager,185.84%,869.3MiB / 3.828GiB,22.18%,5.75GB / 319MB,6.11GB / 11.5GB,159,869.3MiB,869.3MiB,869.3
soc-pokec-relationships,1767074061,namenode,1.26%,712.6MiB / 3.828GiB,18.18%,23.9MB / 5.44GB,1.16GB / 370MB,94,712.6MiB,712.6MiB,712.6
soc-pokec-relationships,1767074061,datanode,0.13%,342MiB / 3.828GiB,8.72%,5.75GB / 5.77GB,5.88GB / 6.47GB,65,342MiB,342MiB,342
soc-pokec-relationships,1767074061,resourcemanager,0.79%,515.3MiB / 3.828GiB,13.15%,1.95MB / 954kB,326MB / 459MB,276,515.3MiB,515.3MiB,515.3
soc-pokec-relationships,1767074061,nodemanager,187.30%,1.098GiB / 3.828GiB,28.68%,5.75GB / 319MB,6.13GB / 11.5GB,246,1.098GiB,1.098GiB,1124.352
soc-pokec-relationships,1767074069,namenode,5.80%,715.1MiB / 3.828GiB,18.24%,23.9MB / 5.44GB,1.16GB / 370MB,92,715.1MiB,715.1MiB,715.1
soc-pokec-relationships,1767074069,datanode,0.14%,344.4MiB / 3.828GiB,8.79%,5.75GB / 5.79GB,5.88GB / 6.47GB,67,344.4MiB,344.4MiB,344.4
soc-pokec-relationships,1767074069,resourcemanager,8.12%,516.2MiB / 3.828GiB,13.17%,1.96MB / 956kB,328MB / 459MB,274,516.2MiB,516.2MiB,516.2
soc-pokec-relationships,1767074069,nodemanager,102.95%,1020MiB / 3.828GiB,26.03%,5.77GB / 319MB,6.14GB / 11.5GB,246,1020MiB,1020MiB,1020
soc-pokec-relationships,1767074076,namenode,4.18%,717.9MiB / 3.828GiB,18.32%,24MB / 5.44GB,1.16GB / 370MB,91,717.9MiB,717.9MiB,717.9
soc-pokec-relationships,1767074076,datanode,1.04%,348.3MiB / 3.828GiB,8.89%,5.75GB / 5.79GB,5.88GB / 6.48GB,66,348.3MiB,348.3MiB,348.3
soc-pokec-relationships,1767074076,resourcemanager,1.41%,516.1MiB / 3.828GiB,13.17%,1.96MB / 959kB,328MB / 459MB,274,516.1MiB,516.1MiB,516.1
soc-pokec-relationships,1767074076,nodemanager,34.77%,1006MiB / 3.828GiB,25.67%,5.77GB / 319MB,6.14GB / 11.5GB,173,1006MiB,1006MiB,1006